{
  "palace": {
    "id": 4,
    "title": "Narządy ruchu - budowa szkieletu",
    "path_to_image": "file:///data/user/0/com.pra_oliwia.praMory/cache/rn_image_picker_lib_temp_09d05c1b-020d-40c5-9a5d-24fba6ea55ae.png",
    "pins": [
      {
        "room_id": 12,
        "position": {
          "x": 179.47222222222223,
          "y": 111.95648229651981
        }
      }
    ],
    "note": null
  },
  "rooms": [
    {
      "id": 12,
      "palace_id": 4,
      "name": "Budowa kości i ich rodzaje",
      "snip": null,
      "path_to_image": "file:///data/user/0/com.pra_oliwia.praMory/cache/rn_image_picker_lib_temp_927243f2-a75b-48d5-8f2e-06b65e0125bd.png",
      "note": null,
      "pins": [
        {
          "thing_id": 20,
          "position": {
            "x": 8.750926246907976,
            "y": 117.80092143217722
          }
        },
        {
          "thing_id": 21,
          "position": {
            "x": 175.69167051845128,
            "y": 74.0462969382604
          }
        },
        {
          "thing_id": 22,
          "position": {
            "x": 207.32963412337833,
            "y": 150.11203061739604
          }
        },
        {
          "thing_id": 23,
          "position": {
            "x": 264.5472106668684,
            "y": 192.52036395072938
          }
        },
        {
          "thing_id": 24,
          "position": {
            "x": 494.09074330859715,
            "y": 357.44167822202047
          }
        }
      ]
    },
    {
      "id": 13,
      "palace_id": 4,
      "name": "Rodzaje połączeń kości",
      "snip": null,
      "path_to_image": null,
      "note": null,
      "pins": []
    },
    {
      "id": 14,
      "palace_id": 4,
      "name": "Mozgoczaszka i twarzoczaszka",
      "snip": null,
      "path_to_image": null,
      "note": null,
      "pins": []
    },
    {
      "id": 15,
      "palace_id": 4,
      "name": "Podstawa czaszki i jej otwory",
      "snip": null,
      "path_to_image": null,
      "note": null,
      "pins": []
    },
    {
      "id": 16,
      "palace_id": 4,
      "name": "Połączenie czaszki z kręgosłupem",
      "snip": null,
      "path_to_image": null,
      "note": null,
      "pins": []
    }
  ],
  "things": [
    {
      "id": 20,
      "room_id": 12,
      "name": "Kość długa",
      "snip": "Antena",
      "path_to_images": [
        {
          "path": "file:///data/user/0/com.pra_oliwia.praMory/cache/rn_image_picker_lib_temp_6c188bed-b253-414d-a267-381715ae2836.jpg",
          "order": 0
        },
        {
          "path": "file:///data/user/0/com.pra_oliwia.praMory/cache/rn_image_picker_lib_temp_0ce8391c-6ab7-4a81-9267-7688025297c2.jpg",
          "order": 1
        },
        {
          "path": "file:///data/user/0/com.pra_oliwia.praMory/cache/rn_image_picker_lib_temp_ae1ed4aa-585a-4a7d-a032-ed1b55d82ece.jpg",
          "order": 2
        },
        {
          "path": "file:///data/user/0/com.pra_oliwia.praMory/cache/rn_image_picker_lib_temp_33f063d4-bcfe-4d5d-a630-abcaa51894ea.jpg",
          "order": 3
        },
        {
          "path": "file:///data/user/0/com.pra_oliwia.praMory/cache/rn_image_picker_lib_temp_4555394b-023b-43cf-84ab-e6bc629f7833.png",
          "order": 4
        },
        {
          "path": "file:///data/user/0/com.pra_oliwia.praMory/cache/rn_image_picker_lib_temp_312e01db-57fa-4ff1-9f48-53aa6b0d8d7b.jpg",
          "order": 5
        },
        {
          "path": "file:///data/user/0/com.pra_oliwia.praMory/cache/rn_image_picker_lib_temp_b5d5e60b-6fe7-45bc-8839-e0227942794c.jpg",
          "order": 6
        }
      ],
      "note": null
    },
    {
      "id": 21,
      "room_id": 12,
      "name": "Kość krótka",
      "snip": "Szybka losowa impreza",
      "path_to_images": [
        {
          "path": "file:///data/user/0/com.pra_oliwia.praMory/cache/rn_image_picker_lib_temp_e33e0591-fb4f-4954-bcdd-d474e6de9ae0.gif",
          "order": 0
        },
        {
          "path": "file:///data/user/0/com.pra_oliwia.praMory/cache/rn_image_picker_lib_temp_22b680f3-c4e6-4fa8-be20-1b43a421564c.gif",
          "order": 1
        },
        {
          "path": "file:///data/user/0/com.pra_oliwia.praMory/cache/rn_image_picker_lib_temp_ecee115b-4693-49b6-8fea-36a855e2336c.gif",
          "order": 2
        },
        {
          "path": "file:///data/user/0/com.pra_oliwia.praMory/cache/rn_image_picker_lib_temp_7c7e1bb7-4cbf-4085-9573-b5fb28908070.gif",
          "order": 3
        },
        {
          "path": "file:///data/user/0/com.pra_oliwia.praMory/cache/rn_image_picker_lib_temp_a63d132e-e251-45a1-966d-056f0c45b90c.gif",
          "order": 4
        },
        {
          "path": "file:///data/user/0/com.pra_oliwia.praMory/cache/rn_image_picker_lib_temp_3a51fc27-614a-4b72-9c93-ae43c8b73e81.gif",
          "order": 5
        }
      ],
      "note": null
    },
    {
      "id": 22,
      "room_id": 12,
      "name": "Kość płaska",
      "snip": "Osoba na dachu, mało przyjemna osoba, plakietka zbierasz gówno po psie",
      "path_to_images": [
        {
          "path": "file:///data/user/0/com.pra_oliwia.praMory/cache/rn_image_picker_lib_temp_4b3dd933-4417-4dd0-b604-5346ac30bd64.jpg",
          "order": 0
        },
        {
          "path": "file:///data/user/0/com.pra_oliwia.praMory/cache/rn_image_picker_lib_temp_e9b37fcf-1346-447f-ac62-8331661104f5.jpg",
          "order": 1
        },
        {
          "path": "file:///data/user/0/com.pra_oliwia.praMory/cache/rn_image_picker_lib_temp_8d74c699-425d-4ede-9464-86873e949684.png",
          "order": 2
        }
      ],
      "note": null
    },
    {
      "id": 23,
      "room_id": 12,
      "name": "Kość roznoksztaltna ",
      "snip": "wielki posąg matki swietej",
      "path_to_images": [
        {
          "path": "file:///data/user/0/com.pra_oliwia.praMory/cache/rn_image_picker_lib_temp_93b0485f-924b-4459-820d-6d9aae849a29.jpg",
          "order": 0
        },
        {
          "path": "file:///data/user/0/com.pra_oliwia.praMory/cache/rn_image_picker_lib_temp_03c14a78-cc3d-47ca-87b7-a6b9bfd63667.png",
          "order": 1
        },
        {
          "path": "file:///data/user/0/com.pra_oliwia.praMory/cache/rn_image_picker_lib_temp_687787de-801b-4f67-979b-c4256e439a09.png",
          "order": 2
        },
        {
          "path": "file:///data/user/0/com.pra_oliwia.praMory/cache/rn_image_picker_lib_temp_862335be-2dd1-4fa4-ac22-f08d0500c61a.jpg",
          "order": 3
        }
      ],
      "note": null
    },
    {
      "id": 24,
      "room_id": 12,
      "name": "Pneumatyczna",
      "snip": "Dzieci i samochody to narzędzia. Puste",
      "path_to_images": [
        {
          "path": "file:///data/user/0/com.pra_oliwia.praMory/cache/rn_image_picker_lib_temp_5ef35097-a839-4b2e-925d-a743eb5fe49d.png",
          "order": 0
        }
      ],
      "note": null
    }
  ]
}